{"is_source_file": false, "format": "", "description": "", "external_files": [], "external_methods": [], "published": [], "classes": [], "methods": [], "calls": [], "search-terms": ["README.md", "sudoku-web-solver", "324663", "324672"], "state": 2, "file_id": 1, "knowledge_revision": 17, "git_revision": "a54dd57d0d825bc27113c6c2dcac5850893236cc", "hash": "09f6d3e7915d999dfc79ccde349567c1", "format-version": 4, "code-base-name": "sudoku_frontend", "filename": "README.md", "revision_history": [{"17": "a54dd57d0d825bc27113c6c2dcac5850893236cc"}]}