{"is_source_file": false, "format": "", "description": "", "external_files": [], "external_methods": [], "published": [], "classes": [], "methods": [], "calls": [], "search-terms": [], "state": 2, "file_id": 6, "knowledge_revision": 16, "git_revision": "a21301fa6ecbc209fdc4133453156692bcf2b1a3", "hash": "d2b40d02d5f7873d8a6713bad837edd4", "format-version": 4, "code-base-name": "sudoku_frontend", "filename": "sudoku_frontend/public/index.html", "revision_history": [{"16": "a21301fa6ecbc209fdc4133453156692bcf2b1a3"}]}