{"is_source_file": false, "format": "", "description": "", "external_files": [], "external_methods": [], "published": [], "classes": [], "methods": [], "calls": [], "search-terms": [], "state": 2, "file_id": 5, "knowledge_revision": 18, "git_revision": "a21301fa6ecbc209fdc4133453156692bcf2b1a3", "hash": "d9d975cebe2ec20b6c652e1e4c12ccf0", "format-version": 4, "code-base-name": "sudoku_frontend", "filename": "sudoku_frontend/public/manifest.json", "revision_history": [{"18": "a21301fa6ecbc209fdc4133453156692bcf2b1a3"}]}