{"is_source_file": true, "format": "JavaScript (React JSX)", "description": "This file serves as the entry point for a React-based web application. It initializes the React application by rendering the main App component into the DOM element with id 'root'.", "external_files": ["./index.css", "./App"], "external_methods": ["ReactDOM.createRoot", "root.render"], "published": ["React", "ReactDOM", "App"], "classes": [], "methods": [{"name": "ReactDOM.createRoot", "description": "Creates a root for rendering React components into the DOM."}, {"name": "root.render", "description": "Renders the React component tree into the DOM."}], "calls": ["ReactDOM.createRoot", "root.render"], "search-terms": ["React", "ReactDOM", "index.js", "entry point", "render", "DOM", "App component"], "state": 2, "file_id": 11, "knowledge_revision": 25, "git_revision": "a21301fa6ecbc209fdc4133453156692bcf2b1a3", "ctags": [{"_type": "tag", "name": "root", "path": "/home/kavia/workspace/code-generation/sudoku-web-solver-324663-324672/sudoku_frontend/src/index.js", "pattern": "/^const root = ReactDOM.createRoot(document.getElementById('root'));$/", "language": "JavaScript", "kind": "constant"}], "hash": "9fc5841375336fc175b49f8767a11383", "format-version": 4, "code-base-name": "sudoku_frontend", "filename": "sudoku_frontend/src/index.js", "revision_history": [{"25": "a21301fa6ecbc209fdc4133453156692bcf2b1a3"}]}