{"is_source_file": false, "format": "", "description": "", "external_files": [], "external_methods": [], "published": [], "classes": [], "methods": [], "calls": [], "search-terms": [], "state": 2, "file_id": 8, "knowledge_revision": 28, "git_revision": "a21301fa6ecbc209fdc4133453156692bcf2b1a3", "hash": "4b33bf7a5b8ee4d02d095dea49a432b7", "format-version": 4, "code-base-name": "sudoku_frontend", "filename": "sudoku_frontend/src/index.css", "revision_history": [{"28": "a21301fa6ecbc209fdc4133453156692bcf2b1a3"}]}