{"is_source_file": true, "format": "JavaScript (React JSX)", "description": "This file contains a React component implementing a Sudoku puzzle interface, including state management, input validation, and user interaction handling.", "external_files": ["./App.css"], "external_methods": ["useMemo", "useState"], "published": ["App"], "classes": [], "methods": [{"name": "validateSudoku(grid)", "description": "Validates a Sudoku grid for allowed numbers and checks for duplicate entries in rows, columns, and 3x3 boxes. Returns validation status, invalid cells, and completeness.", "scope": "", "scopeKind": ""}, {"name": "cloneGrid(grid)", "description": "Creates a deep copy of a 2D Sudoku grid array.", "scope": "", "scopeKind": ""}, {"name": "makeFixedMask(puzzle)", "description": "Generates a boolean mask indicating which cells are fixed (initial puzzle clues) and thus immutable during user edits.", "scope": "", "scopeKind": ""}, {"name": "App()", "scope": "", "scopeKind": "", "description": "unavailable"}], "calls": ["cloneGrid", "validateSudoku", "makeFixedMask", "setGrid", "setShowValidation", "setStatus"], "search-terms": ["React Sudoku interface", "initial puzzle state", "cell validation", "validation highlighting", "reset puzzle", "validation logic", "React hooks", "cell input handling"], "state": 2, "file_id": 7, "knowledge_revision": 26, "git_revision": "a21301fa6ecbc209fdc4133453156692bcf2b1a3", "revision_history": [{"24": "a21301fa6ecbc209fdc4133453156692bcf2b1a3"}, {"26": "a21301fa6ecbc209fdc4133453156692bcf2b1a3"}], "ctags": [{"_type": "tag", "name": "App", "path": "/home/kavia/workspace/code-generation/sudoku-web-solver-324663-324672/sudoku_frontend/src/App.js", "pattern": "/^function App() {$/", "language": "JavaScript", "kind": "function", "signature": "()"}, {"_type": "tag", "name": "INITIAL_PUZZLE", "path": "/home/kavia/workspace/code-generation/sudoku-web-solver-324663-324672/sudoku_frontend/src/App.js", "pattern": "/^const INITIAL_PUZZLE = [$/", "language": "JavaScript", "kind": "constant"}, {"_type": "tag", "name": "SIZE", "path": "/home/kavia/workspace/code-generation/sudoku-web-solver-324663-324672/sudoku_frontend/src/App.js", "pattern": "/^const SIZE = 9;$/", "language": "JavaScript", "kind": "constant"}, {"_type": "tag", "name": "cloneGrid", "path": "/home/kavia/workspace/code-generation/sudoku-web-solver-324663-324672/sudoku_frontend/src/App.js", "pattern": "/^function cloneGrid(grid) {$/", "language": "JavaScript", "kind": "function", "signature": "(grid)"}, {"_type": "tag", "name": "makeFixedMask", "path": "/home/kavia/workspace/code-generation/sudoku-web-solver-324663-324672/sudoku_frontend/src/App.js", "pattern": "/^function makeFixedMask(puzzle) {$/", "language": "JavaScript", "kind": "function", "signature": "(puzzle)"}, {"_type": "tag", "name": "validateSudoku", "path": "/home/kavia/workspace/code-generation/sudoku-web-solver-324663-324672/sudoku_frontend/src/App.js", "pattern": "/^function validateSudoku(grid) {$/", "language": "JavaScript", "kind": "function", "signature": "(grid)"}], "hash": "858019af5e88d0ec20b9348f9d0f298c", "format-version": 4, "code-base-name": "sudoku_frontend", "filename": "sudoku_frontend/src/App.js"}