{"is_source_file": false, "format": "", "description": "", "external_files": [], "external_methods": [], "published": [], "classes": [], "methods": [], "calls": [], "search-terms": [], "state": 2, "file_id": 2, "knowledge_revision": 22, "git_revision": "a21301fa6ecbc209fdc4133453156692bcf2b1a3", "hash": "ebece526bc2eadd78ddd787a76c56607", "format-version": 4, "code-base-name": "sudoku_frontend", "filename": "sudoku_frontend/README.md", "revision_history": [{"22": "a21301fa6ecbc209fdc4133453156692bcf2b1a3"}]}