{"is_source_file": false, "format": "", "description": "", "external_files": [], "external_methods": [], "published": [], "classes": [], "methods": [], "calls": [], "search-terms": [], "state": 2, "file_id": 3, "knowledge_revision": 14, "git_revision": "a21301fa6ecbc209fdc4133453156692bcf2b1a3", "hash": "d001d53c059625c4bcf75bf5a7f3fcf0", "format-version": 4, "code-base-name": "sudoku_frontend", "filename": "sudoku_frontend/package.json", "revision_history": [{"14": "a21301fa6ecbc209fdc4133453156692bcf2b1a3"}]}