{"is_source_file": false, "format": "", "description": "", "external_files": [], "external_methods": [], "published": [], "classes": [], "methods": [], "calls": [], "search-terms": [], "state": 2, "file_id": 10, "knowledge_revision": 27, "git_revision": "a21301fa6ecbc209fdc4133453156692bcf2b1a3", "hash": "ae1e1c361a5d3b1cf6d90471939a2473", "format-version": 4, "code-base-name": "sudoku_frontend", "filename": "sudoku_frontend/src/App.css", "revision_history": [{"27": "a21301fa6ecbc209fdc4133453156692bcf2b1a3"}]}