{"is_source_file": false, "format": "", "description": "", "external_files": [], "external_methods": [], "published": [], "classes": [], "methods": [], "calls": [], "search-terms": [], "state": 2, "file_id": 9, "knowledge_revision": 21, "git_revision": "a21301fa6ecbc209fdc4133453156692bcf2b1a3", "ctags": [], "hash": "1a77571e1a8cf36018a41bcedf60db75", "format-version": 4, "code-base-name": "sudoku_frontend", "filename": "sudoku_frontend/src/setupTests.js", "revision_history": [{"21": "a21301fa6ecbc209fdc4133453156692bcf2b1a3"}]}