{"is_source_file": false, "format": "", "description": "", "external_files": [], "external_methods": [], "published": [], "classes": [], "methods": [], "calls": [], "search-terms": [], "state": 2, "file_id": 4, "knowledge_revision": 15, "git_revision": "a21301fa6ecbc209fdc4133453156692bcf2b1a3", "hash": "be6538e7523bc2e9da0743133d784136", "format-version": 4, "code-base-name": "sudoku_frontend", "filename": "sudoku_frontend/eslint.config.mjs", "revision_history": [{"15": "a21301fa6ecbc209fdc4133453156692bcf2b1a3"}]}